{"p":[0.0000159999999625183,0.0,0.0,0.0,0.000014999999962919134,0.0,0.0,0.0,0.0,0.0000159999999625183,0.0,0.0,0.0,0.000014999999962919134,0.0,0.0,0.0,0.0,0.0000159999999625183,0.0,0.0,0.0,0.000014999999962919134,0.0,0.0,0.0,0.0,0.0000159999999625183,0.0,0.0,0.0,0.000014999999962919134,0.000014999999962919134,0.0,0.0,0.0,0.000015999999963294914,0.0,0.0,0.0,0.0,0.000014999999962919134,0.0,0.0,0.0,0.000015999999963294914,0.0,0.0,0.0,0.0,0.000014999999962919134,0.0,0.0,0.0,0.000015999999963294914,0.0,0.0,0.0,0.0,0.000014999999962919134,0.0,0.0,0.0,0.000015999999963294914],"x":[50.00004075962126,20.000007988539558,10.000008151924247,5.000004075962123,50.00004046024846,20.000007868790487,10.000008092049686,5.000004046024843]}